Automated update at Sun Jun 22 08:23:14 UTC 2025
Automated update at Sun Jun 22 19:40:25 UTC 2025
Automated update at Mon Jun 23 19:41:22 UTC 2025
Automated update at Tue Jun 24 19:41:19 UTC 2025
Automated update at Wed Jun 25 19:41:06 UTC 2025
Automated update at Thu Jun 26 19:42:06 UTC 2025
Automated update at Fri Jun 27 19:41:24 UTC 2025
Automated update at Sat Jun 28 19:40:24 UTC 2025
Automated update at Sun Jun 29 19:40:23 UTC 2025
Automated update at Mon Jun 30 19:41:01 UTC 2025
Automated update at Tue Jul  1 19:41:12 UTC 2025
Automated update at Wed Jul  2 19:41:21 UTC 2025
Automated update at Thu Jul  3 19:40:48 UTC 2025
Automated update at Fri Jul  4 19:40:58 UTC 2025
Automated update at Sat Jul  5 19:41:27 UTC 2025
Automated update at Sun Jul  6 19:41:46 UTC 2025
Automated update at Mon Jul  7 19:42:12 UTC 2025
Automated update at Tue Jul  8 19:42:04 UTC 2025
Automated update at Wed Jul  9 19:42:07 UTC 2025
Automated update at Thu Jul 10 19:42:09 UTC 2025
Automated update at Fri Jul 11 19:43:19 UTC 2025
Automated update at Sat Jul 12 19:41:16 UTC 2025
Automated update at Sun Jul 13 19:41:13 UTC 2025
Automated update at Mon Jul 14 19:42:46 UTC 2025
Automated update at Tue Jul 15 19:43:32 UTC 2025
Automated update at Wed Jul 16 19:42:51 UTC 2025
Automated update at Thu Jul 17 19:43:44 UTC 2025
Automated update at Fri Jul 18 19:43:17 UTC 2025
Automated update at Sat Jul 19 19:41:18 UTC 2025
Automated update at Sun Jul 20 19:41:21 UTC 2025
Automated update at Mon Jul 21 19:43:14 UTC 2025
Automated update at Tue Jul 22 19:41:21 UTC 2025
Automated update at Wed Jul 23 19:43:56 UTC 2025
Automated update at Thu Jul 24 19:43:16 UTC 2025
Automated update at Fri Jul 25 19:43:38 UTC 2025
Automated update at Sat Jul 26 19:42:58 UTC 2025
Automated update at Sun Jul 27 19:42:32 UTC 2025
Automated update at Mon Jul 28 19:43:29 UTC 2025
Automated update at Tue Jul 29 19:44:03 UTC 2025
Automated update at Wed Jul 30 19:43:33 UTC 2025
Automated update at Thu Jul 31 19:43:31 UTC 2025
Automated update at Fri Aug  1 19:43:25 UTC 2025
Automated update at Sat Aug  2 19:42:35 UTC 2025
Automated update at Sun Aug  3 19:42:21 UTC 2025
Automated update at Mon Aug  4 19:44:44 UTC 2025
Automated update at Tue Aug  5 19:44:56 UTC 2025
Automated update at Wed Aug  6 19:44:30 UTC 2025
Automated update at Thu Aug  7 19:43:21 UTC 2025
Automated update at Fri Aug  8 19:41:49 UTC 2025
Automated update at Sat Aug  9 19:41:03 UTC 2025
Automated update at Sun Aug 10 19:40:46 UTC 2025
Automated update at Mon Aug 11 19:43:21 UTC 2025
Automated update at Tue Aug 12 19:42:06 UTC 2025
Automated update at Wed Aug 13 19:41:58 UTC 2025
Automated update at Thu Aug 14 19:39:54 UTC 2025
Automated update at Fri Aug 15 19:41:25 UTC 2025
Automated update at Sat Aug 16 19:40:21 UTC 2025
Automated update at Sun Aug 17 19:40:56 UTC 2025
Automated update at Mon Aug 18 19:42:45 UTC 2025
Automated update at Tue Aug 19 19:40:36 UTC 2025
Automated update at Wed Aug 20 19:41:00 UTC 2025
Automated update at Thu Aug 21 19:40:29 UTC 2025
Automated update at Fri Aug 22 19:40:18 UTC 2025
Automated update at Sat Aug 23 19:40:05 UTC 2025
Automated update at Sun Aug 24 19:40:15 UTC 2025
Automated update at Mon Aug 25 19:40:40 UTC 2025
Automated update at Tue Aug 26 19:40:19 UTC 2025
Automated update at Wed Aug 27 19:40:14 UTC 2025
Automated update at Thu Aug 28 19:40:24 UTC 2025
Automated update at Fri Aug 29 19:40:00 UTC 2025
Automated update at Sat Aug 30 19:39:26 UTC 2025
Automated update at Sun Aug 31 19:39:55 UTC 2025
Automated update at Mon Sep  1 19:40:29 UTC 2025
Automated update at Tue Sep  2 19:40:07 UTC 2025
Automated update at Wed Sep  3 19:40:01 UTC 2025
Automated update at Thu Sep  4 19:39:55 UTC 2025
Automated update at Fri Sep  5 19:39:59 UTC 2025
Automated update at Sat Sep  6 19:39:34 UTC 2025
Automated update at Sun Sep  7 19:39:40 UTC 2025
Automated update at Mon Sep  8 19:40:09 UTC 2025
Automated update at Tue Sep  9 19:39:28 UTC 2025
Automated update at Wed Sep 10 19:39:59 UTC 2025
Automated update at Thu Sep 11 19:39:52 UTC 2025
Automated update at Fri Sep 12 19:39:51 UTC 2025
Automated update at Sat Sep 13 19:39:28 UTC 2025
Automated update at Sun Sep 14 19:39:45 UTC 2025
Automated update at Mon Sep 15 19:40:13 UTC 2025
Automated update at Tue Sep 16 19:39:56 UTC 2025
Automated update at Wed Sep 17 19:40:18 UTC 2025
Automated update at Thu Sep 18 19:40:09 UTC 2025
Automated update at Fri Sep 19 19:39:59 UTC 2025
Automated update at Sat Sep 20 19:39:24 UTC 2025
Automated update at Sun Sep 21 19:39:42 UTC 2025
Automated update at Mon Sep 22 19:40:25 UTC 2025
Automated update at Tue Sep 23 19:40:04 UTC 2025
Automated update at Wed Sep 24 19:39:36 UTC 2025
Automated update at Thu Sep 25 19:40:24 UTC 2025
Automated update at Fri Sep 26 19:39:55 UTC 2025
Automated update at Sat Sep 27 19:39:20 UTC 2025
Automated update at Sun Sep 28 19:39:53 UTC 2025
Automated update at Mon Sep 29 19:40:24 UTC 2025
Automated update at Tue Sep 30 19:40:27 UTC 2025
Automated update at Wed Oct  1 19:40:13 UTC 2025
Automated update at Thu Oct  2 19:39:53 UTC 2025
Automated update at Fri Oct  3 19:40:00 UTC 2025
Automated update at Sat Oct  4 19:39:35 UTC 2025
Automated update at Sun Oct  5 19:39:31 UTC 2025
Automated update at Mon Oct  6 19:40:19 UTC 2025
Automated update at Tue Oct  7 19:40:10 UTC 2025
Automated update at Wed Oct  8 19:40:14 UTC 2025
Automated update at Thu Oct  9 19:40:11 UTC 2025
Automated update at Fri Oct 10 19:39:47 UTC 2025
Automated update at Sat Oct 11 19:39:18 UTC 2025
Automated update at Sun Oct 12 19:39:32 UTC 2025
Automated update at Mon Oct 13 19:39:55 UTC 2025
Automated update at Tue Oct 14 19:40:15 UTC 2025
Automated update at Wed Oct 15 19:40:15 UTC 2025
Automated update at Thu Oct 16 19:40:31 UTC 2025
Automated update at Fri Oct 17 19:40:02 UTC 2025
Automated update at Sat Oct 18 19:39:41 UTC 2025
Automated update at Sun Oct 19 19:39:59 UTC 2025
Automated update at Mon Oct 20 19:41:03 UTC 2025
Automated update at Tue Oct 21 19:41:28 UTC 2025
Automated update at Wed Oct 22 19:41:27 UTC 2025
Automated update at Thu Oct 23 19:41:00 UTC 2025
Automated update at Fri Oct 24 19:40:50 UTC 2025
Automated update at Sat Oct 25 19:40:18 UTC 2025
Automated update at Sun Oct 26 19:40:04 UTC 2025
Automated update at Mon Oct 27 19:40:14 UTC 2025
Automated update at Tue Oct 28 19:41:01 UTC 2025
Automated update at Wed Oct 29 19:40:44 UTC 2025
Automated update at Thu Oct 30 19:41:05 UTC 2025
Automated update at Fri Oct 31 19:41:05 UTC 2025
Automated update at Sat Nov  1 19:39:53 UTC 2025
Automated update at Sun Nov  2 19:39:23 UTC 2025
Automated update at Mon Nov  3 19:40:42 UTC 2025
Automated update at Tue Nov  4 19:40:33 UTC 2025
Automated update at Wed Nov  5 19:41:04 UTC 2025
Automated update at Thu Nov  6 19:40:49 UTC 2025
